1,Cinthya,Santos,Fonseca,www.test.com,System Analyst,Female,1/1/9999,example@example.com,99999999,99999999,Franca,SP,Brazil,Street B,5
1,Jhon,Oliveira,Santos,www.test.com,Designer,Male,1/1/9999,example@example.com,99999999,99999999,Franca,SP,Brazil,Street A,4564
1,Marcus,Rocha,Faria,www.test.com,Manager,Male,1/1/9999,example@example.com,99999999,99999999,Franca,SP,Brazil,Street FR,12
1,Ana,Lidia,Fonseca,www.test.com,Programmer,Female,1/1/9999,example@example.com,99999999,99999999,Franca,SP,Brazil,Street L,5353
1,Bruna,Santos,Faria,www.test.com,Chef,Female,1/1/9999,example@example.com,99999999,99999999,Franca,SP,Brazil,Street VI,43
1,Lidia,Amaral,Fonseca,www.test.com,System Analyst,Female,1/1/9999,example@example.com,99999999,99999999,Franca,SP,Brazil,Street TY,345
1,Artur,Oliveira,Lima,www.test.com,Driver,Male,1/1/9999,example@example.com,99999999,99999999,Franca,SP,Brazil,Street DDD,3
1,Neris,Santos,Oliveiras,www.test.com,Programmer,Male,1/1/9999,example@example.com,99999999,99999999,Franca,SP,Brazil,Street YU,54532
1,Katy,Fonseca,Dantas,www.test.com,Water,Female,1/1/9999,example@example.com,99999999,99999999,Franca,SP,Brazil,Street PL,3543
1,Deryk,Santos,Oliveira,www.test.com,System Analyst,Male,1/1/9999,example@example.com,99999999,99999999,Franca,SP,Brazil,Street SPT,543
1,Bill,Faria,Lima,www.test.com,Designer,Male,1/1/9999,example@example.com,99999999,99999999,Franca,SP,Brazil,Street TYU,5
1,Melinda,Oliveira,Santos,www.test.com,Programmer,Female,1/1/9999,example@example.com,99999999,99999999,Franca,SP,Brazil,Street JK,315
1,Francye,Lima,Amaral,www.test.com,Barman,Female,1/1/9999,example@example.com,99999999,99999999,Franca,SP,Brazil,Street TP,47534
1,Gustavo,Oliveira,Lima,www.test.com,Programmer,Male,1/1/9999,example@example.com,99999999,99999999,Franca,SP,Brazil,Street RP,531
1,Jorge,Santos,Amaral,www.test.com,System Analyst,Male,1/1/9999,example@example.com,99999999,99999999,Franca,SP,Brazil,Street FC,4531
1,Paty,Fonseca,Faria,www.test.com,Manager,Female,1/1/9999,example@example.com,99999999,99999999,Franca,SP,Brazil,Street PO,5431
1,Gisely,Santos,Oliveira,www.test.com,Programmer,Female,1/1/9999,example@example.com,99999999,99999999,Franca,SP,Brazil,Street RE,5431
